,index,Unnamed: 0,radius
0,1,1,1.8
1,2,2,1.8
2,3,3,1.8
3,4,4,1.606531558
4,5,5,1.8244149004
5,6,6,1.9228702119
6,7,7,1.8236765654
7,8,8,1.8172348097
8,9,9,1.6069135467
9,10,10,1.5833167336000002
10,11,11,1.5173975504
11,12,12,1.7939634244999998
12,13,13,2.0735894157
13,14,14,2.1159312136
14,15,15,2.1442876653
15,16,16,2.0462825215
16,17,17,1.9166397643
17,18,18,1.6653529063
18,19,19,1.5503197047
19,20,20,1.5761105088999998
20,21,21,1.5190523953
21,22,22,1.4764711994
22,23,23,1.4407579987
23,24,24,1.4431983075
24,25,25,1.4161734419
25,26,26,1.3582958439
26,27,27,1.3239311452
27,28,28,1.3088956859999998
28,29,29,1.3208333491
29,30,30,1.3644556709
30,31,31,1.3792004911000002
31,32,32,1.3916401783
32,33,33,1.4220664739
33,34,34,1.4574083118
34,35,35,1.4613945202
35,36,36,1.4807307938999998
36,37,37,1.3285867878
37,38,38,1.3342030362
38,39,39,1.3900536287
39,40,40,1.388065888
40,41,41,1.3557974175
41,42,42,1.2341384266
42,43,43,0.7855169004000001
43,44,44,0.8569314851000001
44,45,45,0.8030657726
45,46,46,0.8173790395
46,47,47,0.8070006928
47,48,48,0.7684906139
48,49,49,0.7662588402
49,50,50,0.7949227413
50,51,51,0.8558186916
51,52,52,0.7721328090999999
52,53,53,0.7894583812
53,54,54,0.7855756815999999
54,55,55,0.8038572677
55,56,56,0.8208942483
56,57,57,0.9255485303
57,58,58,0.8651463201
58,59,59,0.80474411
59,60,60,0.8453934215000001
60,61,61,0.8540331543
61,62,62,0.8532280358
62,63,63,0.9396248917
63,64,64,0.8811473586
64,65,65,0.9446764339
65,66,66,0.9182380395
66,67,67,0.9556860569
67,68,68,1.0065361703
68,69,69,0.8769564541
69,70,70,0.7886034745
70,71,71,0.9427669277
71,72,72,0.9751996053
72,73,73,0.9715606251
73,74,74,0.9343183869
74,75,75,0.9492756397
75,76,76,0.9426795382
76,77,77,0.9147863925
77,78,78,0.7844274139
78,79,79,0.8200741848
79,80,80,0.9720794763
80,81,81,0.8935195047
81,82,82,0.912931981
82,83,83,0.7013038308
83,84,84,1.5611009619999998
84,85,85,1.2232412381
85,86,86,1.2066717332
86,87,87,1.2420975741
87,88,88,1.4098972272
88,89,89,1.1706873813
89,90,90,1.1092418964
90,91,91,1.1677878336
91,92,92,1.4818331558000002
92,93,93,1.2437514892
93,94,94,1.5709357397
94,95,95,1.3006107821
95,96,96,1.0302858244
96,97,97,1.1422275618000002
97,98,98,1.1486204081
98,99,99,1.2052974844
99,100,100,1.0359835536
100,101,101,1.149853783
101,102,102,1.107775088
102,103,103,1.2143330074
103,104,104,1.1836689264
104,105,105,1.0603668831
105,106,106,1.0075978267
106,107,107,1.0508899359
107,108,108,1.1147830298
108,109,109,0.8478920986
109,110,110,0.9845047876
110,111,111,1.0290565855
111,112,112,0.8347963973
112,113,113,0.7718020742
113,114,114,0.6780842414
114,115,115,0.8323055996
115,116,116,0.9865269578
116,117,117,1.0852918683
117,118,118,1.2977503787
118,119,119,1.3820679138999998
119,120,120,1.1875466697
120,121,121,1.2603499825
121,122,122,1.2907174668
122,123,123,1.3344273347
123,124,124,1.3303249989
124,125,125,1.440998659
125,126,126,1.3521443653
126,127,127,1.3489730137
127,128,128,1.3489730137
128,129,129,1.3489730137
129,130,130,1.3489730137
130,131,131,1.0595261823
131,132,132,0.7700793509
132,133,133,0.79469909
133,134,134,0.6327478376
134,135,135,0.7070700679
135,136,136,0.6933500840000001
136,137,137,0.6933500840000001
137,138,138,0.6
138,139,139,1.3458016621000002
139,140,140,1.2624489654
140,141,141,1.2528567941
141,142,142,1.2269949464
142,143,143,1.2839810738
143,144,144,1.3154445488
144,145,145,1.4195026323
145,146,146,1.3407836179
146,147,147,1.3111209029000002
147,148,148,1.3071807825
148,149,149,1.4145735338999998
149,150,150,1.3351767541
150,151,151,1.3087553117
151,152,152,1.314245674
152,153,153,1.3193793071
153,154,154,1.3469467488999998
154,155,155,1.4493565458000002
155,156,156,1.4841936609
156,157,157,1.5990309853
157,158,158,1.3490412462
158,159,159,1.2314829104
159,160,160,1.1408118003
160,161,161,1.3063698951
161,162,162,1.318043951
162,163,163,1.3558883166
163,164,164,1.2446035436
164,165,165,1.3272358697
165,166,166,1.2472342808
166,167,167,1.1549887492
167,168,168,1.2442112846
168,169,169,1.2560364838
169,170,170,1.2642169325
170,171,171,1.2009884843
171,172,172,1.3365115215
172,173,173,1.2729584829
173,174,174,1.3526110974
174,175,175,1.3973005757
175,176,176,1.7582357632
176,177,177,1.3411754261
177,178,178,1.0846269826
178,179,179,0.9564412687
179,180,180,0.9048689943
180,181,181,0.8921457771
181,182,182,0.9223164869
182,183,183,0.809094248
183,184,184,0.8027880383
184,185,185,0.8067587029000001
185,186,186,0.8095319528
186,187,187,0.81810908
187,188,188,0.8204256795
188,189,189,0.8310467779
189,190,190,0.8521239048999999
190,191,191,0.9453091697
191,192,192,1.4324943058
192,193,193,1.2908326856
193,194,194,1.1583290497
194,195,195,1.1737127251
195,196,196,1.0202392398
196,197,197,1.0939444526
197,198,198,1.0164371384
198,199,199,1.0176929038
199,200,200,0.8683317322
200,201,201,0.9028283188
201,202,202,0.7846434032999999
202,203,203,0.6399220416
203,204,204,0.8432258247
204,205,205,0.8897258737
205,206,206,0.831319127
206,207,207,0.7801096818000001
207,208,208,0.6
208,209,209,1.8
209,210,210,1.5
210,211,211,1.500096759
211,212,212,1.1510828198
212,213,213,0.9599197894
213,214,214,1.1450439593
214,215,215,1.1848821772
215,216,216,1.1788184805
216,217,217,1.1286346997
217,218,218,1.4471808378
218,219,219,1.512037221
219,220,220,1.7663181044999998
220,221,221,1.7713775882
221,222,222,1.7188398297999998
222,223,223,1.7680382818
223,224,224,1.7837349538999998
224,225,225,1.7325249381
225,226,226,1.5991092397
226,227,227,1.5049998532
227,228,228,1.5293846672
228,229,229,1.6180228038
229,230,230,1.7066965022
230,231,231,1.6290152395
231,232,232,1.5834673139
232,233,233,1.5818791716
233,234,234,1.6553041427
234,235,235,1.5413562176
235,236,236,1.4979569487
236,237,237,1.4346573958000002
237,238,238,1.4567336844
238,239,239,1.4427276535
239,240,240,1.3868361525
240,241,241,1.3345755572
241,242,242,1.4222695816
242,243,243,1.3272274205
243,244,244,1.3906120343
244,245,245,1.1248930819
245,246,246,1.2725185234999998
246,247,247,1.3964857643000002
247,248,248,1.2775776437000002
248,249,249,1.2795824671
249,250,250,1.2595323452
250,251,251,1.4027041741
251,252,252,1.4057061191999998
252,253,253,1.3030707772
253,254,254,1.3190044943
254,255,255,1.3276463298
255,256,256,1.3131714163
256,257,257,1.3135711479
257,258,258,1.1610870216
258,259,259,1.1812339266
259,260,260,1.2710007251
260,261,261,1.21020352
261,262,262,1.4095482113999998
262,263,263,1.1959508766
263,264,264,1.2684614919
264,265,265,1.2121496503
265,266,266,1.3301470121
266,267,267,1.3135065259999998
267,268,268,1.2046379136
268,269,269,1.4101628259
269,270,270,0.9126579831
270,271,271,0.8139871959
271,272,272,0.7153164086
272,273,273,0.6239597222
273,274,274,0.7893630656999999
274,275,275,1.1534799078
275,276,276,1.1906065039
276,277,277,1.205308226
277,278,278,1.224880396
278,279,279,1.2731390864
279,280,280,1.2820622461
280,281,281,1.2743259488
281,282,282,1.2742589991
282,283,283,1.2297333458
283,284,284,0.7546450547
284,285,285,0.8276128716
285,286,286,0.8276128716
286,287,287,0.9005806884
287,288,288,0.9330785796
288,289,289,0.917391823
289,290,290,0.80278363
290,291,291,0.80278363
291,292,292,0.80278363
292,293,293,0.80278363
293,294,294,0.80278363
294,295,295,0.80278363
295,296,296,0.80278363
296,297,297,0.80278363
297,298,298,1.5940227059999998
298,299,299,0.7861986501
299,300,300,0.9126613505
300,301,301,1.0133476478
301,302,302,0.9472014596
302,303,303,0.9063707515
303,304,304,0.8426468668000001
304,305,305,0.8755635996
305,306,306,0.9214095494
306,307,307,0.8798292147
307,308,308,1.3257917301
308,309,309,0.8610282302
309,310,310,0.931612604
310,311,311,1.0211486985
311,312,312,1.0781900738
312,313,313,0.9682158192
313,314,314,0.9520064268
314,315,315,1.01421353
315,316,316,0.996187321
316,317,317,0.9866357351
317,318,318,1.0390987723
318,319,319,1.0564104611
319,320,320,1.0780323439
320,321,321,1.0738135713
321,322,322,1.0798341026
322,323,323,1.0591239604
323,324,324,1.0441171439
324,325,325,1.0632024486
325,326,326,1.0912899044
326,327,327,1.1101783456
327,328,328,1.1332216748
328,329,329,1.1515274948999998
329,330,330,1.0397208512
330,331,331,0.915751319
331,332,332,0.9699944222
332,333,333,1.1327912775
333,334,334,1.1435953961
334,335,335,1.0455223737
335,336,336,1.0312016288
336,337,337,1.1527987534
337,338,338,1.1218897798
338,339,339,1.1291414155
339,340,340,1.1329057283
340,341,341,1.1314454357
341,342,342,0.9744683109
342,343,343,0.7060548215000001
343,344,344,0.8748805872
344,345,345,0.9611638626
345,346,346,0.8788645253
346,347,347,0.8250536612999999
347,348,348,0.9666344924
348,349,349,0.9092629904
349,350,350,0.7558900609
350,351,351,0.6910942503
351,352,352,0.6262984398
352,353,353,0.8165517453
353,354,354,0.7555554696
354,355,355,0.6473204245
355,356,356,0.6047909606
356,357,357,0.6448704348
357,358,358,0.6849499090000001
358,359,359,0.6437284865
359,360,360,0.6603635339
360,361,361,0.6769985812
361,362,362,0.9006193820999999
362,363,363,0.9006193820999999
363,364,364,0.9006193820999999
364,365,365,0.9006193820999999
365,366,366,0.9006193820999999
366,367,367,0.9006193820999999
367,368,368,0.9006193820999999
368,369,369,0.9006193820999999
369,370,370,0.9006193820999999
370,371,371,0.9006193820999999
371,372,372,0.9006193820999999
372,373,373,0.9006193820999999
373,374,374,0.6
374,375,375,1.2603098536
375,376,376,1.0468105606
376,377,377,0.8652119124
377,378,378,0.7565812041
378,379,379,0.7945092009
379,380,380,0.8515662654999999
380,381,381,0.8436381412
381,382,382,1.0130873985
382,383,383,1.1941819311
383,384,384,1.2544712891
384,385,385,1.0978861954
385,386,386,0.9665212124
386,387,387,0.8370565278000001
387,388,388,0.7075918431999999
388,389,389,0.8886964468999999
389,390,390,1.0698010505
390,391,391,1.4075257911
391,392,392,1.5644062403
392,393,393,1.58447266
393,394,394,1.5743136649
394,395,395,1.6314785926
395,396,396,1.6444400744
396,397,397,1.5617644581
397,398,398,1.4993354281
398,399,399,1.4393018042
399,400,400,1.5958832384
400,401,401,1.3793826953
401,402,402,1.2314862526
402,403,403,1.1601433719
403,404,404,1.172490579
404,405,405,1.0726715546
405,406,406,1.066222728
406,407,407,1.1052178019
407,408,408,0.9652534369
408,409,409,0.8846091341
409,410,410,0.8039648313
410,411,411,1.1721680439
411,412,412,1.2872442832
412,413,413,1.1757335083
413,414,414,1.2141550749
414,415,415,1.2554816995
415,416,416,1.3500437702
416,417,417,1.398438599
417,418,418,1.3525985223
418,419,419,1.3802112986
419,420,420,1.4200104358
420,421,421,1.2953037911
421,422,422,1.3235592772
422,423,423,1.2016315640000002
423,424,424,1.1572291821
424,425,425,1.2149555762
425,426,426,1.409791643
426,427,427,1.2977250744
427,428,428,1.2056391796
428,429,429,1.2134355353
429,430,430,1.2164677365
430,431,431,1.3131538976
431,432,432,1.349280256
432,433,433,1.3020344983
433,434,434,1.1613221826
434,435,435,1.1946083108
435,436,436,1.2739660347
436,437,437,1.1355553764
437,438,438,1.2240102305
438,439,439,1.1695141431
439,440,440,1.2123969689
440,441,441,1.2379726651
441,442,442,1.283463157
442,443,443,1.3371522535
443,444,444,1.3400084783
444,445,445,1.160219682
445,446,446,1.293134421
446,447,447,1.1774450097
447,448,448,1.2832129301
448,449,449,1.3583707117
449,450,450,1.4529007171
450,451,451,1.1925875717
451,452,452,1.4731597605000002
452,453,453,1.2180693217
453,454,454,1.0038665642
454,455,455,0.9461902169
455,456,456,0.8368514517
456,457,457,0.8339482564
457,458,458,0.7935236641
458,459,459,0.9520774589
459,460,460,0.9558113486
460,461,461,0.7818876309
461,462,462,0.7818876309
462,463,463,0.7818876309
463,464,464,0.7818876309
464,465,465,1.4856969364
465,466,466,1.2569758347
466,467,467,1.131242599
467,468,468,1.0046926634
468,469,469,0.8978369676000001
469,470,470,0.8938369669
470,471,471,0.9045872025
471,472,472,0.8841184276999999
472,473,473,0.8745344584
473,474,474,0.8024295323999999
474,475,475,0.8024295323999999
475,476,476,0.7303246064
476,477,477,0.7466396103
477,478,478,0.7959922212
478,479,479,0.8453448320999999
479,480,480,0.8552177859000001
480,481,481,0.8888665781999999
481,482,482,0.8888665781999999
482,483,483,1.4858445269
483,484,484,1.1780580031
484,485,485,1.1780580031
485,486,486,1.1780580031
486,487,487,1.1780580031
487,488,488,1.1780580031
488,489,489,1.1780580031
489,490,490,1.1780580031
490,491,491,1.1780580031
491,492,492,1.1780580031
492,493,493,1.1780580031
493,494,494,1.1780580031
494,495,495,1.5530485099
495,496,496,1.5007775556999998
496,497,497,1.4867747619999998
497,498,498,1.5414811438
498,499,499,1.6633717788
499,500,500,1.6273821166
500,501,501,1.6288684768
501,502,502,1.6452994532
502,503,503,1.6514273995
503,504,504,1.6707680823
504,505,505,1.7085483241
505,506,506,1.75425984
506,507,507,1.7483103938
507,508,508,1.8120089708
508,509,509,1.6972942452000002
509,510,510,1.5588226759
510,511,511,1.8373855068
511,512,512,1.4626870907
512,513,513,1.4408853803
513,514,514,1.512492033
514,515,515,1.3467770938
515,516,516,1.6138125074
516,517,517,1.469969136
517,518,518,1.4402640708
518,519,519,1.3427652716999998
519,520,520,1.1525035125
520,521,521,1.1476583768000002
521,522,522,1.2388035312
522,523,523,1.3975036725
523,524,524,1.5803933044
524,525,525,1.4836168167
525,526,526,1.5944167037
526,527,527,1.3777555669
527,528,528,1.4354278641999998
528,529,529,1.4074875468
529,530,530,1.5347505237
530,531,531,1.9047576734
531,532,532,1.9588395043
532,533,533,1.619874956
533,534,534,1.6599075305000002
534,535,535,1.4919342694
535,536,536,1.6078884179
536,537,537,1.5940945855000002
537,538,538,1.2820134794
538,539,539,0.7184761731
539,540,540,0.8812230865999999
540,541,541,0.9112083077
541,542,542,0.8990381573
542,543,543,1.0309090173
543,544,544,1.0204022185
544,545,545,1.0487557958
545,546,546,1.053220107
546,547,547,1.0814348205
547,548,548,1.0608448551
548,549,549,1.1410565981999998
549,550,550,0.9897264555
550,551,551,1.0727568014
551,552,552,1.1947760594
552,553,553,1.1342355361
553,554,554,1.1143183764
554,555,555,1.0365754733
555,556,556,1.0826002591
556,557,557,1.1177951574
557,558,558,1.1699800455
558,559,559,1.1345040258
559,560,560,1.1097710898
560,561,561,1.2498917834
561,562,562,1.0867744556
562,563,563,1.0950457659
563,564,564,1.2003459376
564,565,565,1.0405966219
565,566,566,1.133561483
566,567,567,0.7841973133
567,568,568,0.8403171971
568,569,569,1.0137510046
569,570,570,0.9402589903
570,571,571,0.8389507511
571,572,572,1.0084267582
572,573,573,1.0821839258
573,574,574,1.1229584841
574,575,575,0.9033924518
575,576,576,0.8525211693000001
576,577,577,0.8847059106
577,578,578,1.1768863239
578,579,579,0.9831299894
579,580,580,0.9414653528
580,581,581,0.942636692
581,582,582,0.9438080312
582,583,583,0.9709045235
583,584,584,1.0172560593000002
584,585,585,0.9882675334
585,586,586,1.3284296006
586,587,587,1.3284296006
587,588,588,1.2884017093
588,589,589,1.2483738181
589,590,590,0.9770049974
590,591,591,0.9328627406
591,592,592,0.8887204837
592,593,593,1.0725983701
593,594,594,0.9276310446
594,595,595,1.0261846753
595,596,596,0.9788865139
596,597,597,1.1592907537
597,598,598,1.3120856112
598,599,599,1.3690743738999998
599,600,600,1.4024466272999998
600,601,601,1.4828633483000002
601,602,602,1.5259167974
602,603,603,1.668453458
603,604,604,1.6751987999000002
604,605,605,1.8816785804
605,606,606,1.6261824143
606,607,607,1.7343289388
607,608,608,1.6551677007
608,609,609,2.0001595896
609,610,610,1.6888002081
610,611,611,1.3891947263
611,612,612,1.2449686851
612,613,613,1.0849960501
613,614,614,0.9773427678
614,615,615,0.99533057
615,616,616,0.9310101498
616,617,617,1.0007335157
617,618,618,0.8283434544
618,619,619,0.7264238043000001
619,620,620,0.9044264274
620,621,621,0.9684325786
621,622,622,0.8707300078
622,623,623,0.7730274369
623,624,624,1.2702633616
624,625,625,1.0876880726
625,626,626,1.0747351847
626,627,627,0.9069702307
627,628,628,0.8480516859999999
628,629,629,1.0540900831
629,630,630,0.8274373019
630,631,631,0.6417443621
631,632,632,0.8674161401999999
632,633,633,1.8276636451
633,634,634,1.8276636451
634,635,635,1.8276636451
635,636,636,1.4527284109
636,637,637,1.1026115554
637,638,638,0.7773130786
638,639,639,0.6817888172
639,640,640,0.6817888172
640,641,641,0.6817888172
641,642,642,0.6817888172
642,643,643,0.6817888172
643,644,644,0.6817888172
644,645,645,0.6817888172
645,646,646,0.6817888172
646,647,647,1.0777931767
647,648,648,1.0777931767
648,649,649,1.0777931767
649,650,650,1.0777931767
650,651,651,1.0777931767
651,652,652,1.0777931767
652,653,653,0.6
653,654,654,1.5334696796
654,655,655,1.40038388
655,656,656,1.2835770705
656,657,657,1.3231329725
657,658,658,1.3381914074
658,659,659,1.3332396635
659,660,660,1.3779070767
660,661,661,1.3730242849
661,662,662,1.2300704083
662,663,663,1.6089794673
663,664,664,1.2679422726
664,665,665,1.0894968087
665,666,666,0.7577380342
666,667,667,0.7394479134999999
667,668,668,0.7826354627
668,669,669,0.8107995039
669,670,670,0.9512467453
670,671,671,1.0327317141
671,672,672,1.2197696146
672,673,673,1.1614690705
673,674,674,1.1506834937
674,675,675,1.1522354349
675,676,676,1.1452294019
676,677,677,1.1800561672
677,678,678,1.1825413156
678,679,679,1.169638863
679,680,680,1.1625751173
680,681,681,1.1358091339
681,682,682,1.0243659124
682,683,683,0.980123011
683,684,684,0.9427879575
684,685,685,0.9466972483
685,686,686,0.9542504163
686,687,687,0.9590908189
687,688,688,0.9977052093
688,689,689,0.9270244232
689,690,690,0.989459713
690,691,691,0.9742290556
691,692,692,0.9411437253
692,693,693,0.9371522257
693,694,694,1.0181724005
694,695,695,1.040385765
695,696,696,0.9377889245
696,697,697,0.887409566
697,698,698,1.0171894595
698,699,699,0.9768570499
699,700,700,0.9520525917
700,701,701,0.9347605128
701,702,702,0.9012981807
702,703,703,0.8054928456
703,704,704,0.6984120337999999
704,705,705,1.2903161138
705,706,706,0.8600344609
706,707,707,0.6694242740999999
707,708,708,0.7726534545999999
708,709,709,0.8720262027
709,710,710,0.7467848431999999
710,711,711,0.9919892297
711,712,712,0.9147982269
712,713,713,0.8376072240000001
713,714,714,0.7624017502
714,715,715,0.7254056420999999
715,716,716,0.6884690609999999
716,717,717,0.7134166145999999
717,718,718,0.7383641683
718,719,719,0.7512885686
719,720,720,0.7982385297
720,721,721,0.857298917
721,722,722,0.8454892581
722,723,723,0.6632429175
723,724,724,1.9494508891
724,725,725,1.6272268425999998
725,726,726,1.7254386866
726,727,727,1.1248845332
727,728,728,1.1503126786
728,729,729,1.2169356176
729,730,730,1.1211594816
730,731,731,1.1514184067
731,732,732,1.2267100982
732,733,733,1.2283259182
733,734,734,1.2855201531
734,735,735,1.2889937318
735,736,736,1.1116491209
736,737,737,0.8692587987999999
737,738,738,0.9304994215
738,739,739,0.9268119139
739,740,740,0.9231244063
740,741,741,0.8445136201000001
741,742,742,0.8946244939
742,743,743,1.1337829361
743,744,744,1.077476776
744,745,745,1.1383139776
745,746,746,1.2086204311
746,747,747,1.2709899537
747,748,748,1.4012867297
748,749,749,1.3161304509
749,750,750,1.1878340102
750,751,751,1.1538702788
751,752,752,1.1598438172
752,753,753,1.1492267047
753,754,754,1.2664357007
754,755,755,1.0192654932
755,756,756,0.9335903647
756,757,757,0.9675329994
757,758,758,1.067456548
758,759,759,1.0417685499
759,760,760,1.2250968846
760,761,761,1.1078030583
761,762,762,1.0769750105
762,763,763,1.043030405
763,764,764,1.0445085371
764,765,765,0.9984219822
765,766,766,1.1173549455
766,767,767,1.132118915
767,768,768,1.2473286099
768,769,769,1.3101159109
769,770,770,1.4215095412999998
770,771,771,1.3601274588
771,772,772,1.3731412383
772,773,773,1.3760047657
773,774,774,1.5008810009
774,775,775,1.3050742197
775,776,776,1.3050033704
776,777,777,1.2402231192
777,778,778,1.3018605037
778,779,779,1.2909440569
779,780,780,1.276687129
780,781,781,1.2245018674
781,782,782,1.1788003954
782,783,783,1.1631878661
783,784,784,1.1242895515
784,785,785,1.1345387406999998
785,786,786,1.1832586712
786,787,787,1.1905494597
787,788,788,1.1852997912999998
788,789,789,1.1462730991
789,790,790,1.1456050839
790,791,791,1.2679103791
791,792,792,1.2290331841
792,793,793,1.2615817554000002
793,794,794,1.2805397893
794,795,795,1.0926194126
795,796,796,1.1105790614
796,797,797,1.1161642675
797,798,798,1.1247715982
798,799,799,1.1705162561
799,800,800,1.1625485545
800,801,801,1.1480262247
801,802,802,1.0936405213
802,803,803,1.0698372735
803,804,804,1.0705058533
804,805,805,1.0830798733
805,806,806,1.0162234909
806,807,807,1.0535879329
807,808,808,0.8638192201
808,809,809,0.7267755837000001
809,810,810,0.7501448995000001
810,811,811,0.7735142154000001
811,812,812,0.7735142154000001
812,813,813,0.7735142154000001
813,814,814,0.7735142154000001
814,815,815,0.7735142154000001
815,816,816,0.7735142154000001
816,817,817,0.7047856469
817,818,818,0.6360570785
818,819,819,0.6081343274000001
819,820,820,1.6169112472
820,821,821,1.2189187978
821,822,822,0.6500697872
822,823,823,0.6500697872
823,824,824,0.6500697872
824,825,825,0.6500697872
825,826,826,0.6
826,827,827,1.8
827,828,828,1.8
828,829,829,1.4629455247
829,830,830,1.3958194582
830,831,831,1.5528136096
831,832,832,1.6089277366
832,833,833,1.6532701238999998
833,834,834,1.8097016653
834,835,835,1.7566873288
835,836,836,1.387982615
836,837,837,1.2963446946
837,838,838,1.3176515564
838,839,839,1.3148402723
839,840,840,1.3729133409999998
840,841,841,1.4386753236
841,842,842,1.6494331557
842,843,843,1.3852271907
843,844,844,1.3550120069
844,845,845,1.4076050278
845,846,846,1.6733864275
846,847,847,1.4189461148
847,848,848,1.5563884606
848,849,849,1.5814353341999998
849,850,850,1.6568382292
850,851,851,1.5087876853
851,852,852,1.8719732833
852,853,853,2.1876351625
853,854,854,2.3526500468
854,855,855,2.4107762474000003
855,856,856,2.4767919556
856,857,857,2.5404903982
857,858,858,2.4876108673
858,859,859,2.4764665777
859,860,860,2.3833021466
860,861,861,2.7636283651
861,862,862,2.4825171613
862,863,863,2.2734621275
863,864,864,2.2102064017
864,865,865,2.3069944623
865,866,866,2.0839607989
866,867,867,2.222060695
867,868,868,1.9437778179
868,869,869,1.8060407355
869,870,870,1.9829391645
870,871,871,1.6996253947
871,872,872,1.6840008681
872,873,873,1.3950297805
873,874,874,1.182123985
874,875,875,1.3708827298
875,876,876,1.2331275755
876,877,877,1.3989741966
877,878,878,1.4776391681
878,879,879,1.5037575238999998
879,880,880,1.6012700686
880,881,881,1.6601134885
881,882,882,1.7339719403
882,883,883,2.0866563291
883,884,884,2.0483686530000003
884,885,885,1.235418883
885,886,886,0.7635071409
886,887,887,0.6376380127
887,888,888,0.6205598886
888,889,889,0.6034817645
889,890,890,0.693517012
890,891,891,0.7835522595000001
891,892,892,0.783576099
892,893,893,0.8791339438
893,894,894,0.748809663
894,895,895,0.748809663
895,896,896,0.748809663
896,897,897,0.748809663
897,898,898,0.748809663
898,899,899,0.748809663
899,900,900,0.748809663
900,901,901,0.748809663
901,902,902,0.6
902,903,903,1.91989787
903,904,904,1.9956470444
904,905,905,1.7753319755
905,906,906,1.8702669343
906,907,907,1.7144996236
907,908,908,1.6452370586000002
908,909,909,1.6873999177
909,910,910,1.7750162337
910,911,911,1.749525705
911,912,912,1.7637482269999998
912,913,913,1.8188446225
913,914,914,1.6964637456
914,915,915,1.8173632004
915,916,916,1.8066375487
916,917,917,1.7504319505
917,918,918,1.7415944282
918,919,919,1.6742607792
919,920,920,1.5478295957
920,921,921,1.4593038988999998
921,922,922,1.4011278796000002
922,923,923,1.5478892957
923,924,924,1.2830373418
924,925,925,1.2434986025
925,926,926,1.3934711407
926,927,927,1.2866644567
927,928,928,1.0879608434
928,929,929,1.1413461025
929,930,930,1.1566964033
930,931,931,1.2444909826
931,932,932,1.1451545131
932,933,933,1.1134892503
933,934,934,1.0425605879000002
934,935,935,0.9837176472
935,936,936,0.908269438
936,937,937,1.1310947731999998
937,938,938,1.3539201085
938,939,939,1.4883216797
939,940,940,1.5735599962
940,941,941,1.648294829
941,942,942,1.6901960092
942,943,943,1.6263710584
943,944,944,1.5986543158000002
944,945,945,1.6151585271000002
945,946,946,1.6046394161000002
946,947,947,1.6636554522
947,948,948,1.7117211094
948,949,949,1.6887674162
949,950,950,1.6519299601
950,951,951,1.6358078605000002
951,952,952,1.5367391044999998
952,953,953,1.5417459633
953,954,954,1.5096065238
954,955,955,1.5875992969
955,956,956,1.4480542358
956,957,957,1.2190880837
957,958,958,1.037440634
958,959,959,1.0708788340000002
959,960,960,1.1567290783
960,961,961,1.2123361209
961,962,962,1.0623825803
962,963,963,1.0742015071
963,964,964,1.0598454759
964,965,965,0.9598861894
965,966,966,1.0441727887
966,967,967,1.1294213114
967,968,968,0.8856812955
968,969,969,0.8410002919
969,970,970,1.0348604549
970,971,971,1.0457676873
971,972,972,1.0772945191
972,973,973,1.078280699
973,974,974,1.0432879138
974,975,975,1.0469051249
975,976,976,1.0830737205
976,977,977,1.1638867883
977,978,978,1.1219902019
978,979,979,1.2033282179
979,980,980,0.9720639584
980,981,981,0.9720639584
981,982,982,0.9720639584
982,983,983,0.9720639584
983,984,984,0.9720639584
984,985,985,0.6
985,986,986,1.4680315721
986,987,987,0.8185352979
987,988,988,0.835486805
988,989,989,1.1254556264
989,990,990,1.1914837
990,991,991,1.2024114356
991,992,992,1.4735251849000002
992,993,993,1.3321860955
993,994,994,1.1821447645
994,995,995,1.2067073741
995,996,996,1.1385826339
996,997,997,0.9859636226
997,998,998,1.028422465
998,999,999,0.9917376651
999,1000,1000,0.9544029128
1000,1001,1001,0.9888515901
1001,1002,1002,1.1473178094
1002,1003,1003,1.3633430641
1003,1004,1004,1.3334906815
1004,1005,1005,1.2352321251
1005,1006,1006,1.2334114647
1006,1007,1007,1.1563870016
1007,1008,1008,1.0473702907
1008,1009,1009,0.9383535798
1009,1010,1010,0.8881427184999999
1010,1011,1011,0.7663782947
1011,1012,1012,0.80719443
1012,1013,1013,0.8317615254
1013,1014,1014,0.6438530340999999
1014,1015,1015,0.833550404
1015,1016,1016,0.8599812436
1016,1017,1017,0.8716833259000001
1017,1018,1018,0.8870248065999999
1018,1019,1019,0.8532943192
1019,1020,1020,0.8157901211
1020,1021,1021,0.8736983490000001
1021,1022,1022,0.9316065769
1022,1023,1023,0.9313454739
1023,1024,1024,0.9542656376
1024,1025,1025,0.9072708933
1025,1026,1026,0.96444178
1026,1027,1027,0.9785997613
1027,1028,1028,0.915102606
1028,1029,1029,0.8774558302
1029,1030,1030,0.8712488820000001
1030,1031,1031,0.8826731228
1031,1032,1032,0.8357970235
1032,1033,1033,0.8705905034999999
1033,1034,1034,0.9457846381
1034,1035,1035,0.9254101421
1035,1036,1036,0.9753541817
1036,1037,1037,1.0784085326
1037,1038,1038,0.8992990428000001
1038,1039,1039,0.9033207695
1039,1040,1040,0.9276772557
1040,1041,1041,0.8039434527
1041,1042,1042,0.6802096497
1042,1043,1043,0.7014429098999999
1043,1044,1044,0.72267617
1044,1045,1045,0.7841144206999999
1045,1046,1046,0.941914281
1046,1047,1047,0.7898880711
1047,1048,1048,0.7929385262
1048,1049,1049,0.9194453654
1049,1050,1050,0.7740199604000001
1050,1051,1051,0.8658103542
1051,1052,1052,0.8658103542
1052,1053,1053,0.9888537877
1053,1054,1054,0.9888537877
1054,1055,1055,0.6037977354999999
1055,1056,1056,0.7744695897
1056,1057,1057,0.6906240090000001
1057,1058,1058,1.0477902194
1058,1059,1059,0.9432005639
1059,1060,1060,0.9512920517
1060,1061,1061,0.939015099
1061,1062,1062,0.9877833287
1062,1063,1063,1.0583920086
1063,1064,1064,0.9922569415
1064,1065,1065,1.0296625893
1065,1066,1066,0.9487211427
1066,1067,1067,0.9257850614
1067,1068,1068,0.9474950171
1068,1069,1069,0.9421556746
1069,1070,1070,1.0271764279
1070,1071,1071,0.9813261583
1071,1072,1072,0.9601019125
1072,1073,1073,1.0123137382
1073,1074,1074,0.9647398359
1074,1075,1075,0.8866033798
1075,1076,1076,0.9105254422
1076,1077,1077,0.9772883785
1077,1078,1078,0.9268494784
1078,1079,1079,0.8118923228
1079,1080,1080,0.9125935999
1080,1081,1081,0.9489787335
1081,1082,1082,0.9819624945
1082,1083,1083,1.0189179372
1083,1084,1084,1.0362067275
1084,1085,1085,1.1037432319
1085,1086,1086,0.8975863339
1086,1087,1087,0.9146826015
1087,1088,1088,1.0748538973
1088,1089,1089,0.9494427165
1089,1090,1090,0.8438282963
1090,1091,1091,0.9187540096
1091,1092,1092,0.9187540096
1092,1093,1093,0.9187540096
1093,1094,1094,1.1018786462
1094,1095,1095,1.1018786462
1095,1096,1096,1.1018786462
1096,1097,1097,1.1018786462
1097,1098,1098,1.1018786462
1098,1099,1099,1.1018786462
1099,1100,1100,0.6
1100,1101,1101,0.6
1101,1102,1102,0.6
1102,1103,1103,0.6
1103,1104,1104,0.6
1104,1105,1105,0.6
1105,1106,1106,0.6
1106,1107,1107,2.6624390648
1107,1108,1108,2.4888146461
1108,1109,1109,2.5615331124000003
1109,1110,1110,2.3806749492
1110,1111,1111,1.9363334332
1111,1112,1112,2.0726752014
1112,1113,1113,2.1018753428
1113,1114,1114,2.181708935
1114,1115,1115,2.2503884671
1115,1116,1116,2.3232304991
1116,1117,1117,2.466311615
1117,1118,1118,2.376913771
1118,1119,1119,2.3749165838
1119,1120,1120,2.5838846182
1120,1121,1121,2.3887389981
1121,1122,1122,2.4950771331
1122,1123,1123,2.3750560042
1123,1124,1124,2.4220894869
1124,1125,1125,2.0490232774
1125,1126,1126,1.7717272032
1126,1127,1127,1.5874957016
1127,1128,1128,1.4882422849
1128,1129,1129,1.5844843102
1129,1130,1130,1.7030062003
1130,1131,1131,1.7614697624000002
1131,1132,1132,1.6857622047999998
1132,1133,1133,1.6816512833
1133,1134,1134,1.691343908
1134,1135,1135,1.6647477942
1135,1136,1136,1.6192490863999998
1136,1137,1137,1.6694825993
1137,1138,1138,1.6080172488999998
1138,1139,1139,1.4962528574
1139,1140,1140,1.5350166566
1140,1141,1141,1.536247432
1141,1142,1142,1.5341424444
1142,1143,1143,1.6934700573
1143,1144,1144,1.8880982416
1144,1145,1145,1.5495882608000002
1145,1146,1146,1.3859717480000002
1146,1147,1147,1.3178765463
1147,1148,1148,1.1647401018
1148,1149,1149,0.9556478093
1149,1150,1150,1.0386221575
1150,1151,1151,0.8878809716
1151,1152,1152,1.0396583111
1152,1153,1153,0.9946760261
1153,1154,1154,0.9564711906
1154,1155,1155,1.1267039156
1155,1156,1156,1.2202284325
1156,1157,1157,1.3807311226
1157,1158,1158,1.36095792
1158,1159,1159,1.4301760044
1159,1160,1160,1.459919363
1160,1161,1161,1.4788277
1161,1162,1162,1.4935093494
1162,1163,1163,1.5329742076
1163,1164,1164,1.5703265786000002
1164,1165,1165,1.5874064075999998
1165,1166,1166,1.7053319201
1166,1167,1167,1.5788662988
1167,1168,1168,1.7625383268
1168,1169,1169,1.5647602658000002
1169,1170,1170,1.4851820563999998
1170,1171,1171,1.4617316485
1171,1172,1172,1.532729939
1172,1173,1173,1.4238361508
1173,1174,1174,1.3345587297
1174,1175,1175,1.2199513206
1175,1176,1176,1.2727099094
1176,1177,1177,1.3512255994
1177,1178,1178,1.2472674948
1178,1179,1179,1.2914622609
1179,1180,1180,1.226172492
1180,1181,1181,1.1682297231
1181,1182,1182,1.0974619144
1182,1183,1183,1.0301520633
1183,1184,1184,0.9628422123
1184,1185,1185,1.1130007158
1185,1186,1186,1.1672577813
1186,1187,1187,1.1109221854
1187,1188,1188,1.1011527476
1188,1189,1189,1.2443636814
1189,1190,1190,1.3095264948999998
1190,1191,1191,1.0462033494
1191,1192,1192,0.7898547023
1192,1193,1193,0.7898547023
1193,1194,1194,0.7898547023
1194,1195,1195,0.7898547023
1195,1196,1196,0.7898547023
1196,1197,1197,0.7898547023
1197,1198,1198,0.6
1198,1199,1199,1.6544183537
1199,1200,1200,1.5162906027
1200,1201,1201,1.3717023575
1201,1202,1202,1.3201036537000002
1202,1203,1203,1.3793303402
1203,1204,1204,1.2473656941
1204,1205,1205,1.2752872142
1205,1206,1206,1.0145147196
1206,1207,1207,1.0145147196
1207,1208,1208,1.0145147196
1208,1209,1209,1.0579189635
1209,1210,1210,1.1013232075
1210,1211,1211,1.1889119501
1211,1212,1212,1.2575211652
1212,1213,1213,1.2741732751
1213,1214,1214,1.212232017
1214,1215,1215,1.2424055626
1215,1216,1216,1.2716594866
1216,1217,1217,1.3448900746
1217,1218,1218,1.3233922589
1218,1219,1219,1.3385478374
1219,1220,1220,1.295244288
1220,1221,1221,1.3468260259
1221,1222,1222,1.3229123533
1222,1223,1223,1.2576963758
1223,1224,1224,1.2337725157
1224,1225,1225,1.2382722058
1225,1226,1226,1.2735555919
1226,1227,1227,1.2366992507
1227,1228,1228,1.229529089
1228,1229,1229,1.3137830788
1229,1230,1230,1.2645010973
1230,1231,1231,1.2849433986
1231,1232,1232,1.3594552242
1232,1233,1233,1.3516690703999998
1233,1234,1234,1.3170230638
1234,1235,1235,1.160713609
1235,1236,1236,1.2127117092
1236,1237,1237,1.2494400348
1237,1238,1238,1.2288457687
1238,1239,1239,1.1664851738
1239,1240,1240,1.1517314174
1240,1241,1241,1.1242708886
1241,1242,1242,1.114723139
1242,1243,1243,1.1216086937
1243,1244,1244,1.0936017298
1244,1245,1245,1.1408296156
1245,1246,1246,0.9934160043
1246,1247,1247,0.8460023929
1247,1248,1248,0.9032078055
1248,1249,1249,0.8536132612999999
1249,1250,1250,0.6465001150999999
1250,1251,1251,0.7883222545999999
1251,1252,1252,0.9301443942
1252,1253,1253,0.9779548381
1253,1254,1254,0.9698974931
1254,1255,1255,0.9978842695
1255,1256,1256,0.9658751891
1256,1257,1257,0.9651207844
1257,1258,1258,1.0011725554000002
1258,1259,1259,0.9413860722
1259,1260,1260,0.9468792868
1260,1261,1261,0.963105624
1261,1262,1262,0.9700597969
1262,1263,1263,0.9997995327
1263,1264,1264,1.0011043512
1264,1265,1265,1.0481777718
1265,1266,1266,0.8973171927
1266,1267,1267,0.9590381011
1267,1268,1268,1.020866704
1268,1269,1269,0.9582022797
1269,1270,1270,1.0713435198
1270,1271,1271,1.0501583972
1271,1272,1272,1.0782420227
1272,1273,1273,1.0362819835
1273,1274,1274,0.9313404042
1274,1275,1275,0.826398825
1275,1276,1276,0.8629430278
1276,1277,1277,0.7592932084999999
1277,1278,1278,0.7150629784999999
1278,1279,1279,0.7150629784999999
1279,1280,1280,0.6724932438
1280,1281,1281,0.6299235091
1281,1282,1282,0.6666820478000001
1282,1283,1283,0.6
1283,1284,1284,1.3322423306
1284,1285,1285,1.1778769743000002
1285,1286,1286,1.0235116179
1286,1287,1287,1.046793816
1287,1288,1288,1.0566564907
1288,1289,1289,1.0610192237
1289,1290,1290,1.11848778
1290,1291,1291,1.1300938637
1291,1292,1292,1.0828515025
1292,1293,1293,1.0909745158
1293,1294,1294,1.0621815784
1294,1295,1295,1.0006964817
1295,1296,1296,1.0006964817
1296,1297,1297,0.6
1297,1298,1298,1.9139139091
1298,1299,1299,1.6235866069
1299,1300,1300,1.3523231516
1300,1301,1301,1.0831745192
1301,1302,1302,1.0400924806999998
1302,1303,1303,0.9956279402
1303,1304,1304,0.9956902066
1304,1305,1305,0.9575627693
1305,1306,1306,1.0159732339
1306,1307,1307,0.9436209289
1307,1308,1308,0.8793503998000001
1308,1309,1309,0.8011524706
1309,1310,1310,0.7728154201999999
1310,1311,1311,0.7210591984999999
1311,1312,1312,0.7353291325
1312,1313,1313,0.7543247028
1313,1314,1314,0.7690243498
1314,1315,1315,0.7784489391
1315,1316,1316,0.8307198616
1316,1317,1317,0.9231155852
1317,1318,1318,0.8569663355
1318,1319,1319,0.7541424506000001
1319,1320,1320,0.6895889843999999
1320,1321,1321,0.9061884242
1321,1322,1322,0.9206037658
1322,1323,1323,0.9350191075
1323,1324,1324,0.8894437065999999
1324,1325,1325,0.9905299426
1325,1326,1326,1.0286616265
1326,1327,1327,0.9768785299
1327,1328,1328,1.0217493628
1328,1329,1329,1.087488815
1329,1330,1330,1.0818349749
1330,1331,1331,1.1115102287
1331,1332,1332,1.121737219
1332,1333,1333,1.0772119847
1333,1334,1334,1.0466002079
1334,1335,1335,1.0468312683
1335,1336,1336,1.0669189136
1336,1337,1337,1.0286504681
1337,1338,1338,1.0090889187999998
1338,1339,1339,1.0091263431
1339,1340,1340,0.9981844157
1340,1341,1341,1.0240009184
1341,1342,1342,1.0521924597
1342,1343,1343,1.0659275018
1343,1344,1344,0.9125778185
1344,1345,1345,0.8749667869
1345,1346,1346,0.8941420953
1346,1347,1347,0.9987876762
1347,1348,1348,1.035010928
1348,1349,1349,1.0705982502
1349,1350,1350,1.0705982502
1350,1351,1351,1.0705982502
1351,1352,1352,0.8061632490999999
1352,1353,1353,0.6129653536999999
1353,1354,1354,0.7419550509999999
1354,1355,1355,0.9740871431
1355,1356,1356,1.0329152106
1356,1357,1357,0.9319591996
1357,1358,1358,0.663149146
1358,1359,1359,0.7349261434000001
1359,1360,1360,0.6007992972
1360,1361,1361,0.7400466095999999
1361,1362,1362,0.8275974629
1362,1363,1363,0.8281003106
1363,1364,1364,0.9540166148
1364,1365,1365,0.8498577544
1365,1366,1366,0.7480399640000001
1366,1367,1367,0.9976302367
1367,1368,1368,1.0082781653
1368,1369,1369,1.0036253273
1369,1370,1370,0.9796990657
1370,1371,1371,0.9939382135
1371,1372,1372,0.9161860682
1372,1373,1373,0.8500984433
1373,1374,1374,0.897690843
1374,1375,1375,0.7521149829000001
1375,1376,1376,0.7291992287000001
1376,1377,1377,0.7062834743999999
1377,1378,1378,0.8069896906999999
1378,1379,1379,0.9055287009
1379,1380,1380,0.8802041404000001
1380,1381,1381,0.7582353117
1381,1382,1382,0.7367076781999999
1382,1383,1383,0.6765929228
1383,1384,1384,0.6164781675
1384,1385,1385,0.6173448924
1385,1386,1386,0.6979558735
1386,1387,1387,0.7785668547
1387,1388,1388,0.7663471370999999
1388,1389,1389,0.7933218261
1389,1390,1390,0.8057299588
1390,1391,1391,0.8158784837
1391,1392,1392,0.8297206537999999
1392,1393,1393,0.7851221133
1393,1394,1394,0.7306353459
1394,1395,1395,0.9655139277
1395,1396,1396,0.6898778031
1396,1397,1397,0.7248139125
1397,1398,1398,0.7597500220000001
1398,1399,1399,0.7648791557
1399,1400,1400,0.87895633
1400,1401,1401,0.7472777495999999
1401,1402,1402,0.7275838504000001
1402,1403,1403,0.8047480838
1403,1404,1404,0.8215013956
1404,1405,1405,0.8136990412
1405,1406,1406,0.7908507437000001
1406,1407,1407,0.8312771376000001
1407,1408,1408,0.7260290310999999
1408,1409,1409,0.6365818266
1409,1410,1410,0.6365818266
1410,1411,1411,0.8022748925
1411,1412,1412,0.6
1412,1413,1413,0.7066503005
1413,1414,1414,0.7989488592
1414,1415,1415,0.7989488592
1415,1416,1416,0.7989488592
1416,1417,1417,0.7989488592
1417,1418,1418,0.7989488592
1418,1419,1419,0.7989488592
1419,1420,1420,0.7989488592
1420,1421,1421,0.7989488592
1421,1422,1422,0.7989488592
1422,1423,1423,0.7989488592
1423,1424,1424,0.7989488592
1424,1425,1425,0.9383807497
1425,1426,1426,0.9464648858
